[
  {
    "CountryID": 1,
    "CountryName": "Afghanistan",
    "FormalName": "Islamic State of Afghanistan",
    "IsoAlpha3Code": "AFG",
    "IsoNumericCode": 4,
    "CountryType": "UN Member State",
    "LatestRecordedPopulation": 28400000,
    "Continent": "Asia",
    "Region": "Asia",
    "Subregion": "Southern Asia"
  },
  {
    "CountryID": 2,
    "CountryName": "Albania",
    "FormalName": "Republic of Albania",
    "IsoAlpha3Code": "ALB",
    "IsoNumericCode": 8,
    "CountryType": "UN Member State",
    "LatestRecordedPopulation": 3785031,
    "Continent": "Europe",
    "Region": "Europe",
    "Subregion": "Southern Europe"
  },
  {
    "CountryID": 3,
    "CountryName": "Algeria",
    "FormalName": "People's Democratic Republic of Algeria",
    "IsoAlpha3Code": "DZA",
    "IsoNumericCode": 12,
    "CountryType": "UN Member State",
    "LatestRecordedPopulation": 34178188,
    "Continent": "Africa",
    "Region": "Africa",
    "Subregion": "Northern Africa"
  },
  {
    "CountryID": 4,
    "CountryName": "Andorra",
    "FormalName": "Principality of Andorra",
    "IsoAlpha3Code": "AND",
    "IsoNumericCode": 20,
    "CountryType": "UN Member State",
    "LatestRecordedPopulation": 87243,
    "Continent": "Europe",
    "Region": "Europe",
    "Subregion": "Southern Europe"
  },
  {
    "CountryID": 5,
    "CountryName": "Angola",
    "FormalName": "People's Republic of Angola",
    "IsoAlpha3Code": "AGO",
    "IsoNumericCode": 24,
    "CountryType": "UN Member State",
    "LatestRecordedPopulation": 12799293,
    "Continent": "Africa",
    "Region": "Africa",
    "Subregion": "Middle Africa"
  },
  {
    "CountryID": 6,
    "CountryName": "Antigua and Barb.",
    "FormalName": "Antigua and Barbuda",
    "IsoAlpha3Code": "ATG",
    "IsoNumericCode": 28,
    "CountryType": "UN Member State",
    "LatestRecordedPopulation": 85632,
    "Continent": "North America",
    "Region": "Americas",
    "Subregion": "Caribbean"
  },
  {
    "CountryID": 7,
    "CountryName": "Argentina",
    "FormalName": "Argentine Republic",
    "IsoAlpha3Code": "ARG",
    "IsoNumericCode": 32,
    "CountryType": "UN Member State",
    "LatestRecordedPopulation": 42550127,
    "Continent": "South America",
    "Region": "Americas",
    "Subregion": "South America"
  },
  {
    "CountryID": 8,
    "CountryName": "Armenia",
    "FormalName": "Republic of Armenia",
    "IsoAlpha3Code": "ARM",
    "IsoNumericCode": 51,
    "CountryType": "UN Member State",
    "LatestRecordedPopulation": 2967004,
    "Continent": "Asia",
    "Region": "Asia",
    "Subregion": "Western Asia"
  },
  {
    "CountryID": 9,
    "CountryName": "Australia",
    "FormalName": "Commonwealth of Australia",
    "IsoAlpha3Code": "AUS",
    "IsoNumericCode": 36,
    "CountryType": "UN Member State",
    "LatestRecordedPopulation": 22997671,
    "Continent": "Oceania",
    "Region": "Oceania",
    "Subregion": "Australia and New Zealand"
  },
  {
    "CountryID": 10,
    "CountryName": "Austria",
    "FormalName": "Republic of Austria",
    "IsoAlpha3Code": "AUT",
    "IsoNumericCode": 40,
    "CountryType": "UN Member State",
    "LatestRecordedPopulation": 8210281,
    "Continent": "Europe",
    "Region": "Europe",
    "Subregion": "Western Europe"
  },
  {
    "CountryID": 11,
    "CountryName": "Azerbaijan",
    "FormalName": "Republic of Azerbaijan",
    "IsoAlpha3Code": "AZE",
    "IsoNumericCode": 31,
    "CountryType": "UN Member State",
    "LatestRecordedPopulation": 8568218,
    "Continent": "Asia",
    "Region": "Asia",
    "Subregion": "Western Asia"
  },
  {
    "CountryID": 12,
    "CountryName": "Bahamas",
    "FormalName": "Commonwealth of the Bahamas",
    "IsoAlpha3Code": "BHS",
    "IsoNumericCode": 44,
    "CountryType": "UN Member State",
    "LatestRecordedPopulation": 309156,
    "Continent": "North America",
    "Region": "Americas",
    "Subregion": "Caribbean"
  },
  {
    "CountryID": 13,
    "CountryName": "Bahrain",
    "FormalName": "Kingdom of Bahrain",
    "IsoAlpha3Code": "BHR",
    "IsoNumericCode": 48,
    "CountryType": "UN Member State",
    "LatestRecordedPopulation": 727785,
    "Continent": "Asia",
    "Region": "Asia",
    "Subregion": "Western Asia"
  },
  {
    "CountryID": 14,
    "CountryName": "Bangladesh",
    "FormalName": "People's Republic of Bangladesh",
    "IsoAlpha3Code": "BGD",
    "IsoNumericCode": 50,
    "CountryType": "UN Member State",
    "LatestRecordedPopulation": 156050883,
    "Continent": "Asia",
    "Region": "Asia",
    "Subregion": "Southern Asia"
  },
  {
    "CountryID": 15,
    "CountryName": "Barbados",
    "FormalName": "Barbados",
    "IsoAlpha3Code": "BRB",
    "IsoNumericCode": 52,
    "CountryType": "UN Member State",
    "LatestRecordedPopulation": 284589,
    "Continent": "North America",
    "Region": "Americas",
    "Subregion": "Caribbean"
  },
  {
    "CountryID": 16,
    "CountryName": "Belarus",
    "FormalName": "Republic of Belarus",
    "IsoAlpha3Code": "BLR",
    "IsoNumericCode": 112,
    "CountryType": "UN Member State",
    "LatestRecordedPopulation": 9648533,
    "Continent": "Europe",
    "Region": "Europe",
    "Subregion": "Eastern Europe"
  },
  {
    "CountryID": 17,
    "CountryName": "Belgium",
    "FormalName": "Kingdom of Belgium",
    "IsoAlpha3Code": "BEL",
    "IsoNumericCode": 56,
    "CountryType": "UN Member State",
    "LatestRecordedPopulation": 10830909,
    "Continent": "Europe",
    "Region": "Europe",
    "Subregion": "Western Europe"
  },
  {
    "CountryID": 18,
    "CountryName": "Belize",
    "FormalName": "Belize",
    "IsoAlpha3Code": "BLZ",
    "IsoNumericCode": 84,
    "CountryType": "UN Member State",
    "LatestRecordedPopulation": 307899,
    "Continent": "North America",
    "Region": "Americas",
    "Subregion": "Central America"
  },
  {
    "CountryID": 19,
    "CountryName": "Benin",
    "FormalName": "Republic of Benin",
    "IsoAlpha3Code": "BEN",
    "IsoNumericCode": 204,
    "CountryType": "UN Member State",
    "LatestRecordedPopulation": 8791832,
    "Continent": "Africa",
    "Region": "Africa",
    "Subregion": "Western Africa"
  },
  {
    "CountryID": 20,
    "CountryName": "Bhutan",
    "FormalName": "Kingdom of Bhutan",
    "IsoAlpha3Code": "BTN",
    "IsoNumericCode": 64,
    "CountryType": "UN Member State",
    "LatestRecordedPopulation": 691141,
    "Continent": "Asia",
    "Region": "Asia",
    "Subregion": "Southern Asia"
  },
  {
    "CountryID": 21,
    "CountryName": "Bolivia",
    "FormalName": "Plurinational State of Bolivia",
    "IsoAlpha3Code": "BOL",
    "IsoNumericCode": 68,
    "CountryType": "UN Member State",
    "LatestRecordedPopulation": 9775246,
    "Continent": "South America",
    "Region": "Americas",
    "Subregion": "South America"
  },
  {
    "CountryID": 22,
    "CountryName": "Bosnia and Herz.",
    "FormalName": "Bosnia and Herzegovina",
    "IsoAlpha3Code": "BIH",
    "IsoNumericCode": 70,
    "CountryType": "UN Member State",
    "LatestRecordedPopulation": 4797950,
    "Continent": "Europe",
    "Region": "Europe",
    "Subregion": "Southern Europe"
  },
  {
    "CountryID": 23,
    "CountryName": "Botswana",
    "FormalName": "Republic of Botswana",
    "IsoAlpha3Code": "BWA",
    "IsoNumericCode": 72,
    "CountryType": "UN Member State",
    "LatestRecordedPopulation": 2070511,
    "Continent": "Africa",
    "Region": "Africa",
    "Subregion": "Southern Africa"
  },
  {
    "CountryID": 24,
    "CountryName": "Brazil",
    "FormalName": "Federative Republic of Brazil",
    "IsoAlpha3Code": "BRA",
    "IsoNumericCode": 76,
    "CountryType": "UN Member State",
    "LatestRecordedPopulation": 198739269,
    "Continent": "South America",
    "Region": "Americas",
    "Subregion": "South America"
  },
  {
    "CountryID": 25,
    "CountryName": "Brunei",
    "FormalName": "Negara Brunei Darussalam",
    "IsoAlpha3Code": "BRN",
    "IsoNumericCode": 96,
    "CountryType": "UN Member State",
    "LatestRecordedPopulation": 388190,
    "Continent": "Asia",
    "Region": "Asia",
    "Subregion": "South-Eastern Asia"
  },
  {
    "CountryID": 26,
    "CountryName": "Bulgaria",
    "FormalName": "Republic of Bulgaria",
    "IsoAlpha3Code": "BGR",
    "IsoNumericCode": 100,
    "CountryType": "UN Member State",
    "LatestRecordedPopulation": 7204687,
    "Continent": "Europe",
    "Region": "Europe",
    "Subregion": "Eastern Europe"
  },
  {
    "CountryID": 27,
    "CountryName": "Burkina Faso",
    "FormalName": "Burkina Faso",
    "IsoAlpha3Code": "BFA",
    "IsoNumericCode": 854,
    "CountryType": "UN Member State",
    "LatestRecordedPopulation": 15746232,
    "Continent": "Africa",
    "Region": "Africa",
    "Subregion": "Western Africa"
  },
  {
    "CountryID": 28,
    "CountryName": "Burundi",
    "FormalName": "Republic of Burundi",
    "IsoAlpha3Code": "BDI",
    "IsoNumericCode": 108,
    "CountryType": "UN Member State",
    "LatestRecordedPopulation": 8988091,
    "Continent": "Africa",
    "Region": "Africa",
    "Subregion": "Eastern Africa"
  },
  {
    "CountryID": 29,
    "CountryName": "Cambodia",
    "FormalName": "Kingdom of Cambodia",
    "IsoAlpha3Code": "KHM",
    "IsoNumericCode": 116,
    "CountryType": "UN Member State",
    "LatestRecordedPopulation": 14494293,
    "Continent": "Asia",
    "Region": "Asia",
    "Subregion": "South-Eastern Asia"
  },
  {
    "CountryID": 30,
    "CountryName": "Cameroon",
    "FormalName": "Republic of Cameroon",
    "IsoAlpha3Code": "CMR",
    "IsoNumericCode": 120,
    "CountryType": "UN Member State",
    "LatestRecordedPopulation": 18879301,
    "Continent": "Africa",
    "Region": "Africa",
    "Subregion": "Middle Africa"
  },
  {
    "CountryID": 31,
    "CountryName": "Canada",
    "FormalName": "Canada",
    "IsoAlpha3Code": "CAN",
    "IsoNumericCode": 124,
    "CountryType": "UN Member State",
    "LatestRecordedPopulation": 34826696,
    "Continent": "North America",
    "Region": "Americas",
    "Subregion": "Northern America"
  },
  {
    "CountryID": 32,
    "CountryName": "Central African Rep.",
    "FormalName": "Central African Republic",
    "IsoAlpha3Code": "CAF",
    "IsoNumericCode": 140,
    "CountryType": "UN Member State",
    "LatestRecordedPopulation": 4511488,
    "Continent": "Africa",
    "Region": "Africa",
    "Subregion": "Middle Africa"
  },
  {
    "CountryID": 33,
    "CountryName": "Chad",
    "FormalName": "Republic of Chad",
    "IsoAlpha3Code": "TCD",
    "IsoNumericCode": 148,
    "CountryType": "UN Member State",
    "LatestRecordedPopulation": 10742376,
    "Continent": "Africa",
    "Region": "Africa",
    "Subregion": "Middle Africa"
  },
  {
    "CountryID": 34,
    "CountryName": "Chile",
    "FormalName": "Republic of Chile",
    "IsoAlpha3Code": "CHL",
    "IsoNumericCode": 152,
    "CountryType": "UN Member State",
    "LatestRecordedPopulation": 16601707,
    "Continent": "South America",
    "Region": "Americas",
    "Subregion": "South America"
  },
  {
    "CountryID": 35,
    "CountryName": "China",
    "FormalName": "People's Republic of China",
    "IsoAlpha3Code": "CHN",
    "IsoNumericCode": 156,
    "CountryType": "UN Member State",
    "LatestRecordedPopulation": 1392157488,
    "Continent": "Asia",
    "Region": "Asia",
    "Subregion": "Eastern Asia"
  },
  {
    "CountryID": 36,
    "CountryName": "Colombia",
    "FormalName": "Republic of Colombia",
    "IsoAlpha3Code": "COL",
    "IsoNumericCode": 170,
    "CountryType": "UN Member State",
    "LatestRecordedPopulation": 45644023,
    "Continent": "South America",
    "Region": "Americas",
    "Subregion": "South America"
  },
  {
    "CountryID": 37,
    "CountryName": "Comoros",
    "FormalName": "Union of the Comoros",
    "IsoAlpha3Code": "COM",
    "IsoNumericCode": 174,
    "CountryType": "UN Member State",
    "LatestRecordedPopulation": 752438,
    "Continent": "Africa",
    "Region": "Africa",
    "Subregion": "Eastern Africa"
  },
  {
    "CountryID": 38,
    "CountryName": "Congo",
    "FormalName": "Republic of Congo",
    "IsoAlpha3Code": "COG",
    "IsoNumericCode": 178,
    "CountryType": "UN Member State",
    "LatestRecordedPopulation": 4012809,
    "Continent": "Africa",
    "Region": "Africa",
    "Subregion": "Middle Africa"
  },
  {
    "CountryID": 39,
    "CountryName": "Costa Rica",
    "FormalName": "Republic of Costa Rica",
    "IsoAlpha3Code": "CRI",
    "IsoNumericCode": 188,
    "CountryType": "UN Member State",
    "LatestRecordedPopulation": 4424032,
    "Continent": "North America",
    "Region": "Americas",
    "Subregion": "Central America"
  },
  {
    "CountryID": 40,
    "CountryName": "Côte d'Ivoire",
    "FormalName": "Republic of Ivory Coast",
    "IsoAlpha3Code": "CIV",
    "IsoNumericCode": 384,
    "CountryType": "UN Member State",
    "LatestRecordedPopulation": 21441750,
    "Continent": "Africa",
    "Region": "Africa",
    "Subregion": "Western Africa"
  },
  {
    "CountryID": 41,
    "CountryName": "Croatia",
    "FormalName": "Republic of Croatia",
    "IsoAlpha3Code": "HRV",
    "IsoNumericCode": 191,
    "CountryType": "UN Member State",
    "LatestRecordedPopulation": 4489409,
    "Continent": "Europe",
    "Region": "Europe",
    "Subregion": "Southern Europe"
  },
  {
    "CountryID": 42,
    "CountryName": "Cuba",
    "FormalName": "Republic of Cuba",
    "IsoAlpha3Code": "CUB",
    "IsoNumericCode": 192,
    "CountryType": "UN Member State",
    "LatestRecordedPopulation": 11451652,
    "Continent": "North America",
    "Region": "Americas",
    "Subregion": "Caribbean"
  },
  {
    "CountryID": 43,
    "CountryName": "Cyprus",
    "FormalName": "Republic of Cyprus",
    "IsoAlpha3Code": "CYP",
    "IsoNumericCode": 196,
    "CountryType": "UN Member State",
    "LatestRecordedPopulation": 531640,
    "Continent": "Asia",
    "Region": "Asia",
    "Subregion": "Western Asia"
  },
  {
    "CountryID": 44,
    "CountryName": "Czech Rep.",
    "FormalName": "Czech Republic",
    "IsoAlpha3Code": "CZE",
    "IsoNumericCode": 203,
    "CountryType": "UN Member State",
    "LatestRecordedPopulation": 10620380,
    "Continent": "Europe",
    "Region": "Europe",
    "Subregion": "Eastern Europe"
  },
  {
    "CountryID": 45,
    "CountryName": "Dem. Rep. Congo",
    "FormalName": "Democratic Republic of the Congo",
    "IsoAlpha3Code": "COD",
    "IsoNumericCode": 180,
    "CountryType": "UN Member State",
    "LatestRecordedPopulation": 68692542,
    "Continent": "Africa",
    "Region": "Africa",
    "Subregion": "Middle Africa"
  },
  {
    "CountryID": 46,
    "CountryName": "Dem. Rep. Korea",
    "FormalName": "Democratic People's Republic of Korea",
    "IsoAlpha3Code": "PRK",
    "IsoNumericCode": 408,
    "CountryType": "UN Member State",
    "LatestRecordedPopulation": 22665345,
    "Continent": "Asia",
    "Region": "Asia",
    "Subregion": "Eastern Asia"
  },
  {
    "CountryID": 47,
    "CountryName": "Denmark",
    "FormalName": "Kingdom of Denmark",
    "IsoAlpha3Code": "DNK",
    "IsoNumericCode": 208,
    "CountryType": "UN Member State",
    "LatestRecordedPopulation": 5500510,
    "Continent": "Europe",
    "Region": "Europe",
    "Subregion": "Northern Europe"
  },
  {
    "CountryID": 48,
    "CountryName": "Djibouti",
    "FormalName": "Republic of Djibouti",
    "IsoAlpha3Code": "DJI",
    "IsoNumericCode": 262,
    "CountryType": "UN Member State",
    "LatestRecordedPopulation": 516055,
    "Continent": "Africa",
    "Region": "Africa",
    "Subregion": "Eastern Africa"
  },
  {
    "CountryID": 49,
    "CountryName": "Dominica",
    "FormalName": "Commonwealth of Dominica",
    "IsoAlpha3Code": "DMA",
    "IsoNumericCode": 212,
    "CountryType": "UN Member State",
    "LatestRecordedPopulation": 72660,
    "Continent": "North America",
    "Region": "Americas",
    "Subregion": "Caribbean"
  },
  {
    "CountryID": 50,
    "CountryName": "Dominican Rep.",
    "FormalName": "Dominican Republic",
    "IsoAlpha3Code": "DOM",
    "IsoNumericCode": 214,
    "CountryType": "UN Member State",
    "LatestRecordedPopulation": 9650054,
    "Continent": "North America",
    "Region": "Americas",
    "Subregion": "Caribbean"
  },
  {
    "CountryID": 51,
    "CountryName": "Ecuador",
    "FormalName": "Republic of Ecuador",
    "IsoAlpha3Code": "ECU",
    "IsoNumericCode": 218,
    "CountryType": "UN Member State",
    "LatestRecordedPopulation": 14573101,
    "Continent": "South America",
    "Region": "Americas",
    "Subregion": "South America"
  },
  {
    "CountryID": 52,
    "CountryName": "Egypt",
    "FormalName": "Arab Republic of Egypt",
    "IsoAlpha3Code": "EGY",
    "IsoNumericCode": 818,
    "CountryType": "UN Member State",
    "LatestRecordedPopulation": 83082869,
    "Continent": "Africa",
    "Region": "Africa",
    "Subregion": "Northern Africa"
  },
  {
    "CountryID": 53,
    "CountryName": "El Salvador",
    "FormalName": "Republic of El Salvador",
    "IsoAlpha3Code": "SLV",
    "IsoNumericCode": 222,
    "CountryType": "UN Member State",
    "LatestRecordedPopulation": 7185218,
    "Continent": "North America",
    "Region": "Americas",
    "Subregion": "Central America"
  },
  {
    "CountryID": 54,
    "CountryName": "Eq. Guinea",
    "FormalName": "Republic of Equatorial Guinea",
    "IsoAlpha3Code": "GNQ",
    "IsoNumericCode": 226,
    "CountryType": "UN Member State",
    "LatestRecordedPopulation": 676730,
    "Continent": "Africa",
    "Region": "Africa",
    "Subregion": "Middle Africa"
  },
  {
    "CountryID": 55,
    "CountryName": "Eritrea",
    "FormalName": "State of Eritrea",
    "IsoAlpha3Code": "ERI",
    "IsoNumericCode": 232,
    "CountryType": "UN Member State",
    "LatestRecordedPopulation": 5647168,
    "Continent": "Africa",
    "Region": "Africa",
    "Subregion": "Eastern Africa"
  },
  {
    "CountryID": 56,
    "CountryName": "Estonia",
    "FormalName": "Republic of Estonia",
    "IsoAlpha3Code": "EST",
    "IsoNumericCode": 233,
    "CountryType": "UN Member State",
    "LatestRecordedPopulation": 1299371,
    "Continent": "Europe",
    "Region": "Europe",
    "Subregion": "Northern Europe"
  },
  {
    "CountryID": 57,
    "CountryName": "Ethiopia",
    "FormalName": "Federal Democratic Republic of Ethiopia",
    "IsoAlpha3Code": "ETH",
    "IsoNumericCode": 231,
    "CountryType": "UN Member State",
    "LatestRecordedPopulation": 85237338,
    "Continent": "Africa",
    "Region": "Africa",
    "Subregion": "Eastern Africa"
  },
  {
    "CountryID": 58,
    "CountryName": "Fiji",
    "FormalName": "Republic of Fiji",
    "IsoAlpha3Code": "FJI",
    "IsoNumericCode": 242,
    "CountryType": "UN Member State",
    "LatestRecordedPopulation": 982508,
    "Continent": "Oceania",
    "Region": "Oceania",
    "Subregion": "Melanesia"
  },
  {
    "CountryID": 59,
    "CountryName": "Finland",
    "FormalName": "Republic of Finland",
    "IsoAlpha3Code": "FIN",
    "IsoNumericCode": 246,
    "CountryType": "UN Member State",
    "LatestRecordedPopulation": 5460286,
    "Continent": "Europe",
    "Region": "Europe",
    "Subregion": "Northern Europe"
  },
  {
    "CountryID": 60,
    "CountryName": "France",
    "FormalName": "French Republic",
    "IsoAlpha3Code": "FRA",
    "IsoNumericCode": 250,
    "CountryType": "UN Member State",
    "LatestRecordedPopulation": 64057792,
    "Continent": "Europe",
    "Region": "Europe",
    "Subregion": "Western Europe"
  },
  {
    "CountryID": 61,
    "CountryName": "Gabon",
    "FormalName": "Gabonese Republic",
    "IsoAlpha3Code": "GAB",
    "IsoNumericCode": 266,
    "CountryType": "UN Member State",
    "LatestRecordedPopulation": 1514993,
    "Continent": "Africa",
    "Region": "Africa",
    "Subregion": "Middle Africa"
  },
  {
    "CountryID": 62,
    "CountryName": "Gambia",
    "FormalName": "Republic of the Gambia",
    "IsoAlpha3Code": "GMB",
    "IsoNumericCode": 270,
    "CountryType": "UN Member State",
    "LatestRecordedPopulation": 1782893,
    "Continent": "Africa",
    "Region": "Africa",
    "Subregion": "Western Africa"
  },
  {
    "CountryID": 63,
    "CountryName": "Georgia",
    "FormalName": "Georgia",
    "IsoAlpha3Code": "GEO",
    "IsoNumericCode": 268,
    "CountryType": "UN Member State",
    "LatestRecordedPopulation": 4615807,
    "Continent": "Asia",
    "Region": "Asia",
    "Subregion": "Western Asia"
  },
  {
    "CountryID": 64,
    "CountryName": "Germany",
    "FormalName": "Federal Republic of Germany",
    "IsoAlpha3Code": "DEU",
    "IsoNumericCode": 276,
    "CountryType": "UN Member State",
    "LatestRecordedPopulation": 82329758,
    "Continent": "Europe",
    "Region": "Europe",
    "Subregion": "Western Europe"
  },
  {
    "CountryID": 65,
    "CountryName": "Ghana",
    "FormalName": "Republic of Ghana",
    "IsoAlpha3Code": "GHA",
    "IsoNumericCode": 288,
    "CountryType": "UN Member State",
    "LatestRecordedPopulation": 23832495,
    "Continent": "Africa",
    "Region": "Africa",
    "Subregion": "Western Africa"
  },
  {
    "CountryID": 66,
    "CountryName": "Greece",
    "FormalName": "Hellenic Republic",
    "IsoAlpha3Code": "GRC",
    "IsoNumericCode": 300,
    "CountryType": "UN Member State",
    "LatestRecordedPopulation": 10737428,
    "Continent": "Europe",
    "Region": "Europe",
    "Subregion": "Southern Europe"
  },
  {
    "CountryID": 67,
    "CountryName": "Grenada",
    "FormalName": "Grenada",
    "IsoAlpha3Code": "GRD",
    "IsoNumericCode": 308,
    "CountryType": "UN Member State",
    "LatestRecordedPopulation": 90739,
    "Continent": "North America",
    "Region": "Americas",
    "Subregion": "Caribbean"
  },
  {
    "CountryID": 68,
    "CountryName": "Guatemala",
    "FormalName": "Republic of Guatemala",
    "IsoAlpha3Code": "GTM",
    "IsoNumericCode": 320,
    "CountryType": "UN Member State",
    "LatestRecordedPopulation": 13276517,
    "Continent": "North America",
    "Region": "Americas",
    "Subregion": "Central America"
  },
  {
    "CountryID": 69,
    "CountryName": "Guinea",
    "FormalName": "Republic of Guinea",
    "IsoAlpha3Code": "GIN",
    "IsoNumericCode": 324,
    "CountryType": "UN Member State",
    "LatestRecordedPopulation": 10057975,
    "Continent": "Africa",
    "Region": "Africa",
    "Subregion": "Western Africa"
  },
  {
    "CountryID": 70,
    "CountryName": "Guinea-Bissau",
    "FormalName": "Republic of Guinea-Bissau",
    "IsoAlpha3Code": "GNB",
    "IsoNumericCode": 624,
    "CountryType": "UN Member State",
    "LatestRecordedPopulation": 1533964,
    "Continent": "Africa",
    "Region": "Africa",
    "Subregion": "Western Africa"
  },
  {
    "CountryID": 71,
    "CountryName": "Guyana",
    "FormalName": "Co-operative Republic of Guyana",
    "IsoAlpha3Code": "GUY",
    "IsoNumericCode": 328,
    "CountryType": "UN Member State",
    "LatestRecordedPopulation": 772298,
    "Continent": "South America",
    "Region": "Americas",
    "Subregion": "South America"
  },
  {
    "CountryID": 72,
    "CountryName": "Haiti",
    "FormalName": "Republic of Haiti",
    "IsoAlpha3Code": "HTI",
    "IsoNumericCode": 332,
    "CountryType": "UN Member State",
    "LatestRecordedPopulation": 9396957,
    "Continent": "North America",
    "Region": "Americas",
    "Subregion": "Caribbean"
  },
  {
    "CountryID": 73,
    "CountryName": "Honduras",
    "FormalName": "Republic of Honduras",
    "IsoAlpha3Code": "HND",
    "IsoNumericCode": 340,
    "CountryType": "UN Member State",
    "LatestRecordedPopulation": 8104568,
    "Continent": "North America",
    "Region": "Americas",
    "Subregion": "Central America"
  },
  {
    "CountryID": 74,
    "CountryName": "Hungary",
    "FormalName": "Republic of Hungary",
    "IsoAlpha3Code": "HUN",
    "IsoNumericCode": 348,
    "CountryType": "UN Member State",
    "LatestRecordedPopulation": 9905596,
    "Continent": "Europe",
    "Region": "Europe",
    "Subregion": "Eastern Europe"
  },
  {
    "CountryID": 75,
    "CountryName": "Iceland",
    "FormalName": "Republic of Iceland",
    "IsoAlpha3Code": "ISL",
    "IsoNumericCode": 352,
    "CountryType": "UN Member State",
    "LatestRecordedPopulation": 306694,
    "Continent": "Europe",
    "Region": "Europe",
    "Subregion": "Northern Europe"
  },
  {
    "CountryID": 76,
    "CountryName": "India",
    "FormalName": "Republic of India",
    "IsoAlpha3Code": "IND",
    "IsoNumericCode": 356,
    "CountryType": "UN Member State",
    "LatestRecordedPopulation": 1166079220,
    "Continent": "Asia",
    "Region": "Asia",
    "Subregion": "Southern Asia"
  },
  {
    "CountryID": 77,
    "CountryName": "Indonesia",
    "FormalName": "Republic of Indonesia",
    "IsoAlpha3Code": "IDN",
    "IsoNumericCode": 360,
    "CountryType": "UN Member State",
    "LatestRecordedPopulation": 240271522,
    "Continent": "Asia",
    "Region": "Asia",
    "Subregion": "South-Eastern Asia"
  },
  {
    "CountryID": 78,
    "CountryName": "Iran",
    "FormalName": "Islamic Republic of Iran",
    "IsoAlpha3Code": "IRN",
    "IsoNumericCode": 364,
    "CountryType": "UN Member State",
    "LatestRecordedPopulation": 66429284,
    "Continent": "Asia",
    "Region": "Asia",
    "Subregion": "Southern Asia"
  },
  {
    "CountryID": 79,
    "CountryName": "Iraq",
    "FormalName": "Republic of Iraq",
    "IsoAlpha3Code": "IRQ",
    "IsoNumericCode": 368,
    "CountryType": "UN Member State",
    "LatestRecordedPopulation": 31129225,
    "Continent": "Asia",
    "Region": "Asia",
    "Subregion": "Western Asia"
  },
  {
    "CountryID": 80,
    "CountryName": "Ireland",
    "FormalName": "Ireland",
    "IsoAlpha3Code": "IRL",
    "IsoNumericCode": 372,
    "CountryType": "UN Member State",
    "LatestRecordedPopulation": 4203200,
    "Continent": "Europe",
    "Region": "Europe",
    "Subregion": "Northern Europe"
  },
  {
    "CountryID": 81,
    "CountryName": "Israel",
    "FormalName": "State of Israel",
    "IsoAlpha3Code": "ISR",
    "IsoNumericCode": 376,
    "CountryType": "UN Member State",
    "LatestRecordedPopulation": 7233701,
    "Continent": "Asia",
    "Region": "Asia",
    "Subregion": "Western Asia"
  },
  {
    "CountryID": 82,
    "CountryName": "Italy",
    "FormalName": "Italian Republic",
    "IsoAlpha3Code": "ITA",
    "IsoNumericCode": 380,
    "CountryType": "UN Member State",
    "LatestRecordedPopulation": 60451260,
    "Continent": "Europe",
    "Region": "Europe",
    "Subregion": "Southern Europe"
  },
  {
    "CountryID": 83,
    "CountryName": "Jamaica",
    "FormalName": "Jamaica",
    "IsoAlpha3Code": "JAM",
    "IsoNumericCode": 388,
    "CountryType": "UN Member State",
    "LatestRecordedPopulation": 2825928,
    "Continent": "North America",
    "Region": "Americas",
    "Subregion": "Caribbean"
  },
  {
    "CountryID": 84,
    "CountryName": "Japan",
    "FormalName": "Japan",
    "IsoAlpha3Code": "JPN",
    "IsoNumericCode": 392,
    "CountryType": "UN Member State",
    "LatestRecordedPopulation": 127078679,
    "Continent": "Asia",
    "Region": "Asia",
    "Subregion": "Eastern Asia"
  },
  {
    "CountryID": 85,
    "CountryName": "Jordan",
    "FormalName": "Hashemite Kingdom of Jordan",
    "IsoAlpha3Code": "JOR",
    "IsoNumericCode": 400,
    "CountryType": "UN Member State",
    "LatestRecordedPopulation": 6342948,
    "Continent": "Asia",
    "Region": "Asia",
    "Subregion": "Western Asia"
  },
  {
    "CountryID": 86,
    "CountryName": "Kazakhstan",
    "FormalName": "Republic of Kazakhstan",
    "IsoAlpha3Code": "KAZ",
    "IsoNumericCode": 398,
    "CountryType": "UN Member State",
    "LatestRecordedPopulation": 15399437,
    "Continent": "Asia",
    "Region": "Asia",
    "Subregion": "Central Asia"
  },
  {
    "CountryID": 87,
    "CountryName": "Kenya",
    "FormalName": "Republic of Kenya",
    "IsoAlpha3Code": "KEN",
    "IsoNumericCode": 404,
    "CountryType": "UN Member State",
    "LatestRecordedPopulation": 40562882,
    "Continent": "Africa",
    "Region": "Africa",
    "Subregion": "Eastern Africa"
  },
  {
    "CountryID": 88,
    "CountryName": "Kiribati",
    "FormalName": "Republic of Kiribati",
    "IsoAlpha3Code": "KIR",
    "IsoNumericCode": 296,
    "CountryType": "UN Member State",
    "LatestRecordedPopulation": 112850,
    "Continent": "Oceania",
    "Region": "Oceania",
    "Subregion": "Micronesia"
  },
  {
    "CountryID": 89,
    "CountryName": "Korea",
    "FormalName": "Republic of Korea",
    "IsoAlpha3Code": "KOR",
    "IsoNumericCode": 410,
    "CountryType": "UN Member State",
    "LatestRecordedPopulation": 48508972,
    "Continent": "Asia",
    "Region": "Asia",
    "Subregion": "Eastern Asia"
  },
  {
    "CountryID": 90,
    "CountryName": "Kuwait",
    "FormalName": "State of Kuwait",
    "IsoAlpha3Code": "KWT",
    "IsoNumericCode": 414,
    "CountryType": "UN Member State",
    "LatestRecordedPopulation": 2691158,
    "Continent": "Asia",
    "Region": "Asia",
    "Subregion": "Western Asia"
  },
  {
    "CountryID": 91,
    "CountryName": "Kyrgyzstan",
    "FormalName": "Kyrgyz Republic",
    "IsoAlpha3Code": "KGZ",
    "IsoNumericCode": 417,
    "CountryType": "UN Member State",
    "LatestRecordedPopulation": 5431747,
    "Continent": "Asia",
    "Region": "Asia",
    "Subregion": "Central Asia"
  },
  {
    "CountryID": 92,
    "CountryName": "Lao PDR",
    "FormalName": "Lao People's Democratic Republic",
    "IsoAlpha3Code": "LAO",
    "IsoNumericCode": 418,
    "CountryType": "UN Member State",
    "LatestRecordedPopulation": 7108339,
    "Continent": "Asia",
    "Region": "Asia",
    "Subregion": "South-Eastern Asia"
  },
  {
    "CountryID": 93,
    "CountryName": "Latvia",
    "FormalName": "Republic of Latvia",
    "IsoAlpha3Code": "LVA",
    "IsoNumericCode": 428,
    "CountryType": "UN Member State",
    "LatestRecordedPopulation": 2231503,
    "Continent": "Europe",
    "Region": "Europe",
    "Subregion": "Northern Europe"
  },
  {
    "CountryID": 94,
    "CountryName": "Lebanon",
    "FormalName": "Lebanese Republic",
    "IsoAlpha3Code": "LBN",
    "IsoNumericCode": 422,
    "CountryType": "UN Member State",
    "LatestRecordedPopulation": 4177778,
    "Continent": "Asia",
    "Region": "Asia",
    "Subregion": "Western Asia"
  },
  {
    "CountryID": 95,
    "CountryName": "Lesotho",
    "FormalName": "Kingdom of Lesotho",
    "IsoAlpha3Code": "LSO",
    "IsoNumericCode": 426,
    "CountryType": "UN Member State",
    "LatestRecordedPopulation": 2130819,
    "Continent": "Africa",
    "Region": "Africa",
    "Subregion": "Southern Africa"
  },
  {
    "CountryID": 96,
    "CountryName": "Liberia",
    "FormalName": "Republic of Liberia",
    "IsoAlpha3Code": "LBR",
    "IsoNumericCode": 430,
    "CountryType": "UN Member State",
    "LatestRecordedPopulation": 3441790,
    "Continent": "Africa",
    "Region": "Africa",
    "Subregion": "Western Africa"
  },
  {
    "CountryID": 97,
    "CountryName": "Libya",
    "FormalName": "Libya",
    "IsoAlpha3Code": "LBY",
    "IsoNumericCode": 434,
    "CountryType": "UN Member State",
    "LatestRecordedPopulation": 6310434,
    "Continent": "Africa",
    "Region": "Africa",
    "Subregion": "Northern Africa"
  },
  {
    "CountryID": 98,
    "CountryName": "Liechtenstein",
    "FormalName": "Principality of Liechtenstein",
    "IsoAlpha3Code": "LIE",
    "IsoNumericCode": 438,
    "CountryType": "UN Member State",
    "LatestRecordedPopulation": 34761,
    "Continent": "Europe",
    "Region": "Europe",
    "Subregion": "Western Europe"
  },
  {
    "CountryID": 99,
    "CountryName": "Lithuania",
    "FormalName": "Republic of Lithuania",
    "IsoAlpha3Code": "LTU",
    "IsoNumericCode": 440,
    "CountryType": "UN Member State",
    "LatestRecordedPopulation": 3697386,
    "Continent": "Europe",
    "Region": "Europe",
    "Subregion": "Northern Europe"
  },
  {
    "CountryID": 100,
    "CountryName": "Luxembourg",
    "FormalName": "Grand Duchy of Luxembourg",
    "IsoAlpha3Code": "LUX",
    "IsoNumericCode": 442,
    "CountryType": "UN Member State",
    "LatestRecordedPopulation": 491775,
    "Continent": "Europe",
    "Region": "Europe",
    "Subregion": "Western Europe"
  },
  {
    "CountryID": 101,
    "CountryName": "Macedonia",
    "FormalName": "Former Yugoslav Republic of Macedonia",
    "IsoAlpha3Code": "MKD",
    "IsoNumericCode": 807,
    "CountryType": "UN Member State",
    "LatestRecordedPopulation": 2149386,
    "Continent": "Europe",
    "Region": "Europe",
    "Subregion": "Southern Europe"
  },
  {
    "CountryID": 102,
    "CountryName": "Madagascar",
    "FormalName": "Republic of Madagascar",
    "IsoAlpha3Code": "MDG",
    "IsoNumericCode": 450,
    "CountryType": "UN Member State",
    "LatestRecordedPopulation": 20653556,
    "Continent": "Africa",
    "Region": "Africa",
    "Subregion": "Eastern Africa"
  },
  {
    "CountryID": 103,
    "CountryName": "Malawi",
    "FormalName": "Republic of Malawi",
    "IsoAlpha3Code": "MWI",
    "IsoNumericCode": 454,
    "CountryType": "UN Member State",
    "LatestRecordedPopulation": 14268711,
    "Continent": "Africa",
    "Region": "Africa",
    "Subregion": "Eastern Africa"
  },
  {
    "CountryID": 104,
    "CountryName": "Malaysia",
    "FormalName": "Malaysia",
    "IsoAlpha3Code": "MYS",
    "IsoNumericCode": 458,
    "CountryType": "UN Member State",
    "LatestRecordedPopulation": 25715819,
    "Continent": "Asia",
    "Region": "Asia",
    "Subregion": "South-Eastern Asia"
  },
  {
    "CountryID": 105,
    "CountryName": "Maldives",
    "FormalName": "Republic of Maldives",
    "IsoAlpha3Code": "MDV",
    "IsoNumericCode": 462,
    "CountryType": "UN Member State",
    "LatestRecordedPopulation": 396334,
    "Continent": "Seven seas (open ocean)",
    "Region": "Asia",
    "Subregion": "Southern Asia"
  },
  {
    "CountryID": 106,
    "CountryName": "Mali",
    "FormalName": "Republic of Mali",
    "IsoAlpha3Code": "MLI",
    "IsoNumericCode": 466,
    "CountryType": "UN Member State",
    "LatestRecordedPopulation": 12666987,
    "Continent": "Africa",
    "Region": "Africa",
    "Subregion": "Western Africa"
  },
  {
    "CountryID": 107,
    "CountryName": "Malta",
    "FormalName": "Republic of Malta",
    "IsoAlpha3Code": "MLT",
    "IsoNumericCode": 470,
    "CountryType": "UN Member State",
    "LatestRecordedPopulation": 421371,
    "Continent": "Europe",
    "Region": "Europe",
    "Subregion": "Southern Europe"
  },
  {
    "CountryID": 108,
    "CountryName": "Marshall Is.",
    "FormalName": "Republic of the Marshall Islands",
    "IsoAlpha3Code": "MHL",
    "IsoNumericCode": 584,
    "CountryType": "UN Member State",
    "LatestRecordedPopulation": 64522,
    "Continent": "Oceania",
    "Region": "Oceania",
    "Subregion": "Micronesia"
  },
  {
    "CountryID": 109,
    "CountryName": "Mauritania",
    "FormalName": "Islamic Republic of Mauritania",
    "IsoAlpha3Code": "MRT",
    "IsoNumericCode": 478,
    "CountryType": "UN Member State",
    "LatestRecordedPopulation": 3129486,
    "Continent": "Africa",
    "Region": "Africa",
    "Subregion": "Western Africa"
  },
  {
    "CountryID": 110,
    "CountryName": "Mauritius",
    "FormalName": "Republic of Mauritius",
    "IsoAlpha3Code": "MUS",
    "IsoNumericCode": 480,
    "CountryType": "UN Member State",
    "LatestRecordedPopulation": 1284264,
    "Continent": "Seven seas (open ocean)",
    "Region": "Africa",
    "Subregion": "Eastern Africa"
  },
  {
    "CountryID": 111,
    "CountryName": "Mexico",
    "FormalName": "United Mexican States",
    "IsoAlpha3Code": "MEX",
    "IsoNumericCode": 484,
    "CountryType": "UN Member State",
    "LatestRecordedPopulation": 111211789,
    "Continent": "North America",
    "Region": "Americas",
    "Subregion": "Central America"
  },
  {
    "CountryID": 112,
    "CountryName": "Micronesia",
    "FormalName": "Federated States of Micronesia",
    "IsoAlpha3Code": "FSM",
    "IsoNumericCode": 583,
    "CountryType": "UN Member State",
    "LatestRecordedPopulation": 107434,
    "Continent": "Oceania",
    "Region": "Oceania",
    "Subregion": "Micronesia"
  },
  {
    "CountryID": 113,
    "CountryName": "Moldova",
    "FormalName": "Republic of Moldova",
    "IsoAlpha3Code": "MDA",
    "IsoNumericCode": 498,
    "CountryType": "UN Member State",
    "LatestRecordedPopulation": 4320748,
    "Continent": "Europe",
    "Region": "Europe",
    "Subregion": "Eastern Europe"
  },
  {
    "CountryID": 114,
    "CountryName": "Monaco",
    "FormalName": "Principality of Monaco",
    "IsoAlpha3Code": "MCO",
    "IsoNumericCode": 492,
    "CountryType": "UN Member State",
    "LatestRecordedPopulation": 32965,
    "Continent": "Europe",
    "Region": "Europe",
    "Subregion": "Western Europe"
  },
  {
    "CountryID": 115,
    "CountryName": "Mongolia",
    "FormalName": "Mongolia",
    "IsoAlpha3Code": "MNG",
    "IsoNumericCode": 496,
    "CountryType": "UN Member State",
    "LatestRecordedPopulation": 3041142,
    "Continent": "Asia",
    "Region": "Asia",
    "Subregion": "Eastern Asia"
  },
  {
    "CountryID": 116,
    "CountryName": "Montenegro",
    "FormalName": "Montenegro",
    "IsoAlpha3Code": "MNE",
    "IsoNumericCode": 499,
    "CountryType": "UN Member State",
    "LatestRecordedPopulation": 672180,
    "Continent": "Europe",
    "Region": "Europe",
    "Subregion": "Southern Europe"
  },
  {
    "CountryID": 117,
    "CountryName": "Morocco",
    "FormalName": "Kingdom of Morocco",
    "IsoAlpha3Code": "MAR",
    "IsoNumericCode": 504,
    "CountryType": "UN Member State",
    "LatestRecordedPopulation": 34859364,
    "Continent": "Africa",
    "Region": "Africa",
    "Subregion": "Northern Africa"
  },
  {
    "CountryID": 118,
    "CountryName": "Mozambique",
    "FormalName": "Republic of Mozambique",
    "IsoAlpha3Code": "MOZ",
    "IsoNumericCode": 508,
    "CountryType": "UN Member State",
    "LatestRecordedPopulation": 21669278,
    "Continent": "Africa",
    "Region": "Africa",
    "Subregion": "Eastern Africa"
  },
  {
    "CountryID": 119,
    "CountryName": "Myanmar",
    "FormalName": "Republic of the Union of Myanmar",
    "IsoAlpha3Code": "MMR",
    "IsoNumericCode": 104,
    "CountryType": "UN Member State",
    "LatestRecordedPopulation": 48137741,
    "Continent": "Asia",
    "Region": "Asia",
    "Subregion": "South-Eastern Asia"
  },
  {
    "CountryID": 120,
    "CountryName": "Namibia",
    "FormalName": "Republic of Namibia",
    "IsoAlpha3Code": "NAM",
    "IsoNumericCode": 516,
    "CountryType": "UN Member State",
    "LatestRecordedPopulation": 2108665,
    "Continent": "Africa",
    "Region": "Africa",
    "Subregion": "Southern Africa"
  },
  {
    "CountryID": 121,
    "CountryName": "Nauru",
    "FormalName": "Republic of Nauru",
    "IsoAlpha3Code": "NRU",
    "IsoNumericCode": 520,
    "CountryType": "UN Member State",
    "LatestRecordedPopulation": 14019,
    "Continent": "Oceania",
    "Region": "Oceania",
    "Subregion": "Micronesia"
  },
  {
    "CountryID": 122,
    "CountryName": "Nepal",
    "FormalName": "Nepal",
    "IsoAlpha3Code": "NPL",
    "IsoNumericCode": 524,
    "CountryType": "UN Member State",
    "LatestRecordedPopulation": 29705912,
    "Continent": "Asia",
    "Region": "Asia",
    "Subregion": "Southern Asia"
  },
  {
    "CountryID": 123,
    "CountryName": "Netherlands",
    "FormalName": "Kingdom of the Netherlands",
    "IsoAlpha3Code": "NLD",
    "IsoNumericCode": 528,
    "CountryType": "UN Member State",
    "LatestRecordedPopulation": 16715999,
    "Continent": "Europe",
    "Region": "Europe",
    "Subregion": "Western Europe"
  },
  {
    "CountryID": 124,
    "CountryName": "New Zealand",
    "FormalName": "New Zealand",
    "IsoAlpha3Code": "NZL",
    "IsoNumericCode": 554,
    "CountryType": "UN Member State",
    "LatestRecordedPopulation": 4381954,
    "Continent": "Oceania",
    "Region": "Oceania",
    "Subregion": "Australia and New Zealand"
  },
  {
    "CountryID": 125,
    "CountryName": "Nicaragua",
    "FormalName": "Republic of Nicaragua",
    "IsoAlpha3Code": "NIC",
    "IsoNumericCode": 558,
    "CountryType": "UN Member State",
    "LatestRecordedPopulation": 5891199,
    "Continent": "North America",
    "Region": "Americas",
    "Subregion": "Central America"
  },
  {
    "CountryID": 126,
    "CountryName": "Niger",
    "FormalName": "Republic of Niger",
    "IsoAlpha3Code": "NER",
    "IsoNumericCode": 562,
    "CountryType": "UN Member State",
    "LatestRecordedPopulation": 15918502,
    "Continent": "Africa",
    "Region": "Africa",
    "Subregion": "Western Africa"
  },
  {
    "CountryID": 127,
    "CountryName": "Nigeria",
    "FormalName": "Federal Republic of Nigeria",
    "IsoAlpha3Code": "NGA",
    "IsoNumericCode": 566,
    "CountryType": "UN Member State",
    "LatestRecordedPopulation": 149229090,
    "Continent": "Africa",
    "Region": "Africa",
    "Subregion": "Western Africa"
  },
  {
    "CountryID": 128,
    "CountryName": "Norway",
    "FormalName": "Kingdom of Norway",
    "IsoAlpha3Code": "NOR",
    "IsoNumericCode": 578,
    "CountryType": "UN Member State",
    "LatestRecordedPopulation": 4676305,
    "Continent": "Europe",
    "Region": "Europe",
    "Subregion": "Northern Europe"
  },
  {
    "CountryID": 129,
    "CountryName": "Oman",
    "FormalName": "Sultanate of Oman",
    "IsoAlpha3Code": "OMN",
    "IsoNumericCode": 512,
    "CountryType": "UN Member State",
    "LatestRecordedPopulation": 3418085,
    "Continent": "Asia",
    "Region": "Asia",
    "Subregion": "Western Asia"
  },
  {
    "CountryID": 130,
    "CountryName": "Pakistan",
    "FormalName": "Islamic Republic of Pakistan",
    "IsoAlpha3Code": "PAK",
    "IsoNumericCode": 586,
    "CountryType": "UN Member State",
    "LatestRecordedPopulation": 176242949,
    "Continent": "Asia",
    "Region": "Asia",
    "Subregion": "Southern Asia"
  },
  {
    "CountryID": 131,
    "CountryName": "Palau",
    "FormalName": "Republic of Palau",
    "IsoAlpha3Code": "PLW",
    "IsoNumericCode": 585,
    "CountryType": "UN Member State",
    "LatestRecordedPopulation": 20796,
    "Continent": "Oceania",
    "Region": "Oceania",
    "Subregion": "Micronesia"
  },
  {
    "CountryID": 132,
    "CountryName": "Panama",
    "FormalName": "Republic of Panama",
    "IsoAlpha3Code": "PAN",
    "IsoNumericCode": 591,
    "CountryType": "UN Member State",
    "LatestRecordedPopulation": 3360474,
    "Continent": "North America",
    "Region": "Americas",
    "Subregion": "Central America"
  },
  {
    "CountryID": 133,
    "CountryName": "Papua New Guinea",
    "FormalName": "Independent State of Papua New Guinea",
    "IsoAlpha3Code": "PNG",
    "IsoNumericCode": 598,
    "CountryType": "UN Member State",
    "LatestRecordedPopulation": 6057263,
    "Continent": "Oceania",
    "Region": "Oceania",
    "Subregion": "Melanesia"
  },
  {
    "CountryID": 134,
    "CountryName": "Paraguay",
    "FormalName": "Republic of Paraguay",
    "IsoAlpha3Code": "PRY",
    "IsoNumericCode": 600,
    "CountryType": "UN Member State",
    "LatestRecordedPopulation": 6995655,
    "Continent": "South America",
    "Region": "Americas",
    "Subregion": "South America"
  },
  {
    "CountryID": 135,
    "CountryName": "Peru",
    "FormalName": "Republic of Peru",
    "IsoAlpha3Code": "PER",
    "IsoNumericCode": 604,
    "CountryType": "UN Member State",
    "LatestRecordedPopulation": 29546963,
    "Continent": "South America",
    "Region": "Americas",
    "Subregion": "South America"
  },
  {
    "CountryID": 136,
    "CountryName": "Philippines",
    "FormalName": "Republic of the Philippines",
    "IsoAlpha3Code": "PHL",
    "IsoNumericCode": 608,
    "CountryType": "UN Member State",
    "LatestRecordedPopulation": 97976603,
    "Continent": "Asia",
    "Region": "Asia",
    "Subregion": "South-Eastern Asia"
  },
  {
    "CountryID": 137,
    "CountryName": "Poland",
    "FormalName": "Republic of Poland",
    "IsoAlpha3Code": "POL",
    "IsoNumericCode": 616,
    "CountryType": "UN Member State",
    "LatestRecordedPopulation": 40022235,
    "Continent": "Europe",
    "Region": "Europe",
    "Subregion": "Eastern Europe"
  },
  {
    "CountryID": 138,
    "CountryName": "Portugal",
    "FormalName": "Portuguese Republic",
    "IsoAlpha3Code": "PRT",
    "IsoNumericCode": 620,
    "CountryType": "UN Member State",
    "LatestRecordedPopulation": 10707924,
    "Continent": "Europe",
    "Region": "Europe",
    "Subregion": "Southern Europe"
  },
  {
    "CountryID": 139,
    "CountryName": "Qatar",
    "FormalName": "State of Qatar",
    "IsoAlpha3Code": "QAT",
    "IsoNumericCode": 634,
    "CountryType": "UN Member State",
    "LatestRecordedPopulation": 833285,
    "Continent": "Asia",
    "Region": "Asia",
    "Subregion": "Western Asia"
  },
  {
    "CountryID": 140,
    "CountryName": "Romania",
    "FormalName": "Romania",
    "IsoAlpha3Code": "ROU",
    "IsoNumericCode": 642,
    "CountryType": "UN Member State",
    "LatestRecordedPopulation": 22215421,
    "Continent": "Europe",
    "Region": "Europe",
    "Subregion": "Eastern Europe"
  },
  {
    "CountryID": 141,
    "CountryName": "Russia",
    "FormalName": "Russian Federation",
    "IsoAlpha3Code": "RUS",
    "IsoNumericCode": 643,
    "CountryType": "UN Member State",
    "LatestRecordedPopulation": 140041247,
    "Continent": "Europe",
    "Region": "Europe",
    "Subregion": "Eastern Europe"
  },
  {
    "CountryID": 142,
    "CountryName": "Rwanda",
    "FormalName": "Republic of Rwanda",
    "IsoAlpha3Code": "RWA",
    "IsoNumericCode": 646,
    "CountryType": "UN Member State",
    "LatestRecordedPopulation": 10473282,
    "Continent": "Africa",
    "Region": "Africa",
    "Subregion": "Eastern Africa"
  },
  {
    "CountryID": 143,
    "CountryName": "Saint Lucia",
    "FormalName": "Saint Lucia",
    "IsoAlpha3Code": "LCA",
    "IsoNumericCode": 662,
    "CountryType": "UN Member State",
    "LatestRecordedPopulation": 160267,
    "Continent": "North America",
    "Region": "Americas",
    "Subregion": "Caribbean"
  },
  {
    "CountryID": 144,
    "CountryName": "Samoa",
    "FormalName": "Independent State of Samoa",
    "IsoAlpha3Code": "WSM",
    "IsoNumericCode": 882,
    "CountryType": "UN Member State",
    "LatestRecordedPopulation": 228797,
    "Continent": "Oceania",
    "Region": "Oceania",
    "Subregion": "Polynesia"
  },
  {
    "CountryID": 145,
    "CountryName": "San Marino",
    "FormalName": "Republic of San Marino",
    "IsoAlpha3Code": "SMR",
    "IsoNumericCode": 674,
    "CountryType": "UN Member State",
    "LatestRecordedPopulation": 30324,
    "Continent": "Europe",
    "Region": "Europe",
    "Subregion": "Southern Europe"
  },
  {
    "CountryID": 146,
    "CountryName": "São Tomé and Principe",
    "FormalName": "Democratic Republic of São Tomé and Principe",
    "IsoAlpha3Code": "STP",
    "IsoNumericCode": 678,
    "CountryType": "UN Member State",
    "LatestRecordedPopulation": 212679,
    "Continent": "Africa",
    "Region": "Africa",
    "Subregion": "Middle Africa"
  },
  {
    "CountryID": 147,
    "CountryName": "Saudi Arabia",
    "FormalName": "Kingdom of Saudi Arabia",
    "IsoAlpha3Code": "SAU",
    "IsoNumericCode": 682,
    "CountryType": "UN Member State",
    "LatestRecordedPopulation": 28686633,
    "Continent": "Asia",
    "Region": "Asia",
    "Subregion": "Western Asia"
  },
  {
    "CountryID": 148,
    "CountryName": "Senegal",
    "FormalName": "Republic of Senegal",
    "IsoAlpha3Code": "SEN",
    "IsoNumericCode": 686,
    "CountryType": "UN Member State",
    "LatestRecordedPopulation": 13711597,
    "Continent": "Africa",
    "Region": "Africa",
    "Subregion": "Western Africa"
  },
  {
    "CountryID": 149,
    "CountryName": "Serbia",
    "FormalName": "Republic of Serbia",
    "IsoAlpha3Code": "SRB",
    "IsoNumericCode": 688,
    "CountryType": "UN Member State",
    "LatestRecordedPopulation": 7379339,
    "Continent": "Europe",
    "Region": "Europe",
    "Subregion": "Southern Europe"
  },
  {
    "CountryID": 150,
    "CountryName": "Seychelles",
    "FormalName": "Republic of Seychelles",
    "IsoAlpha3Code": "SYC",
    "IsoNumericCode": 690,
    "CountryType": "UN Member State",
    "LatestRecordedPopulation": 87476,
    "Continent": "Seven seas (open ocean)",
    "Region": "Africa",
    "Subregion": "Eastern Africa"
  },
  {
    "CountryID": 151,
    "CountryName": "Sierra Leone",
    "FormalName": "Republic of Sierra Leone",
    "IsoAlpha3Code": "SLE",
    "IsoNumericCode": 694,
    "CountryType": "UN Member State",
    "LatestRecordedPopulation": 6440053,
    "Continent": "Africa",
    "Region": "Africa",
    "Subregion": "Western Africa"
  },
  {
    "CountryID": 152,
    "CountryName": "Singapore",
    "FormalName": "Republic of Singapore",
    "IsoAlpha3Code": "SGP",
    "IsoNumericCode": 702,
    "CountryType": "UN Member State",
    "LatestRecordedPopulation": 4657542,
    "Continent": "Asia",
    "Region": "Asia",
    "Subregion": "South-Eastern Asia"
  },
  {
    "CountryID": 153,
    "CountryName": "Slovakia",
    "FormalName": "Slovak Republic",
    "IsoAlpha3Code": "SVK",
    "IsoNumericCode": 703,
    "CountryType": "UN Member State",
    "LatestRecordedPopulation": 5681567,
    "Continent": "Europe",
    "Region": "Europe",
    "Subregion": "Eastern Europe"
  },
  {
    "CountryID": 154,
    "CountryName": "Slovenia",
    "FormalName": "Republic of Slovenia",
    "IsoAlpha3Code": "SVN",
    "IsoNumericCode": 705,
    "CountryType": "UN Member State",
    "LatestRecordedPopulation": 2005692,
    "Continent": "Europe",
    "Region": "Europe",
    "Subregion": "Southern Europe"
  },
  {
    "CountryID": 155,
    "CountryName": "Solomon Is.",
    "FormalName": "Solomon Is.",
    "IsoAlpha3Code": "SLB",
    "IsoNumericCode": 90,
    "CountryType": "UN Member State",
    "LatestRecordedPopulation": 595613,
    "Continent": "Oceania",
    "Region": "Oceania",
    "Subregion": "Melanesia"
  },
  {
    "CountryID": 156,
    "CountryName": "Somalia",
    "FormalName": "Federal Republic of Somalia",
    "IsoAlpha3Code": "SOM",
    "IsoNumericCode": 706,
    "CountryType": "UN Member State",
    "LatestRecordedPopulation": 9832017,
    "Continent": "Africa",
    "Region": "Africa",
    "Subregion": "Eastern Africa"
  },
  {
    "CountryID": 157,
    "CountryName": "South Africa",
    "FormalName": "Republic of South Africa",
    "IsoAlpha3Code": "ZAF",
    "IsoNumericCode": 710,
    "CountryType": "UN Member State",
    "LatestRecordedPopulation": 49052489,
    "Continent": "Africa",
    "Region": "Africa",
    "Subregion": "Southern Africa"
  },
  {
    "CountryID": 158,
    "CountryName": "Spain",
    "FormalName": "Kingdom of Spain",
    "IsoAlpha3Code": "ESP",
    "IsoNumericCode": 724,
    "CountryType": "UN Member State",
    "LatestRecordedPopulation": 40525002,
    "Continent": "Europe",
    "Region": "Europe",
    "Subregion": "Southern Europe"
  },
  {
    "CountryID": 159,
    "CountryName": "Sri Lanka",
    "FormalName": "Democratic Socialist Republic of Sri Lanka",
    "IsoAlpha3Code": "LKA",
    "IsoNumericCode": 144,
    "CountryType": "UN Member State",
    "LatestRecordedPopulation": 21324791,
    "Continent": "Asia",
    "Region": "Asia",
    "Subregion": "Southern Asia"
  },
  {
    "CountryID": 160,
    "CountryName": "St. Kitts and Nevis",
    "FormalName": "Federation of Saint Kitts and Nevis",
    "IsoAlpha3Code": "KNA",
    "IsoNumericCode": 659,
    "CountryType": "UN Member State",
    "LatestRecordedPopulation": 40131,
    "Continent": "North America",
    "Region": "Americas",
    "Subregion": "Caribbean"
  },
  {
    "CountryID": 161,
    "CountryName": "St. Vin. and Gren.",
    "FormalName": "Saint Vincent and the Grenadines",
    "IsoAlpha3Code": "VCT",
    "IsoNumericCode": 670,
    "CountryType": "UN Member State",
    "LatestRecordedPopulation": 108756,
    "Continent": "North America",
    "Region": "Americas",
    "Subregion": "Caribbean"
  },
  {
    "CountryID": 162,
    "CountryName": "Sudan",
    "FormalName": "Republic of the Sudan",
    "IsoAlpha3Code": "SDN",
    "IsoNumericCode": 729,
    "CountryType": "UN Member State",
    "LatestRecordedPopulation": 25946220,
    "Continent": "Africa",
    "Region": "Africa",
    "Subregion": "Northern Africa"
  },
  {
    "CountryID": 163,
    "CountryName": "Suriname",
    "FormalName": "Republic of Suriname",
    "IsoAlpha3Code": "SUR",
    "IsoNumericCode": 740,
    "CountryType": "UN Member State",
    "LatestRecordedPopulation": 481267,
    "Continent": "South America",
    "Region": "Americas",
    "Subregion": "South America"
  },
  {
    "CountryID": 164,
    "CountryName": "Swaziland",
    "FormalName": "Kingdom of Swaziland",
    "IsoAlpha3Code": "SWZ",
    "IsoNumericCode": 748,
    "CountryType": "UN Member State",
    "LatestRecordedPopulation": 1168869,
    "Continent": "Africa",
    "Region": "Africa",
    "Subregion": "Southern Africa"
  },
  {
    "CountryID": 165,
    "CountryName": "Sweden",
    "FormalName": "Kingdom of Sweden",
    "IsoAlpha3Code": "SWE",
    "IsoNumericCode": 752,
    "CountryType": "UN Member State",
    "LatestRecordedPopulation": 9059651,
    "Continent": "Europe",
    "Region": "Europe",
    "Subregion": "Northern Europe"
  },
  {
    "CountryID": 166,
    "CountryName": "Switzerland",
    "FormalName": "Swiss Confederation",
    "IsoAlpha3Code": "CHE",
    "IsoNumericCode": 756,
    "CountryType": "UN Member State",
    "LatestRecordedPopulation": 7604467,
    "Continent": "Europe",
    "Region": "Europe",
    "Subregion": "Western Europe"
  },
  {
    "CountryID": 167,
    "CountryName": "Syria",
    "FormalName": "Syrian Arab Republic",
    "IsoAlpha3Code": "SYR",
    "IsoNumericCode": 760,
    "CountryType": "UN Member State",
    "LatestRecordedPopulation": 20178485,
    "Continent": "Asia",
    "Region": "Asia",
    "Subregion": "Western Asia"
  },
  {
    "CountryID": 168,
    "CountryName": "Tajikistan",
    "FormalName": "Republic of Tajikistan",
    "IsoAlpha3Code": "TJK",
    "IsoNumericCode": 762,
    "CountryType": "UN Member State",
    "LatestRecordedPopulation": 7349145,
    "Continent": "Asia",
    "Region": "Asia",
    "Subregion": "Central Asia"
  },
  {
    "CountryID": 169,
    "CountryName": "Tanzania",
    "FormalName": "United Republic of Tanzania",
    "IsoAlpha3Code": "TZA",
    "IsoNumericCode": 834,
    "CountryType": "UN Member State",
    "LatestRecordedPopulation": 41048532,
    "Continent": "Africa",
    "Region": "Africa",
    "Subregion": "Eastern Africa"
  },
  {
    "CountryID": 170,
    "CountryName": "Thailand",
    "FormalName": "Kingdom of Thailand",
    "IsoAlpha3Code": "THA",
    "IsoNumericCode": 764,
    "CountryType": "UN Member State",
    "LatestRecordedPopulation": 65905410,
    "Continent": "Asia",
    "Region": "Asia",
    "Subregion": "South-Eastern Asia"
  },
  {
    "CountryID": 171,
    "CountryName": "Timor-Leste",
    "FormalName": "Democratic Republic of Timor-Leste",
    "IsoAlpha3Code": "TLS",
    "IsoNumericCode": 626,
    "CountryType": "UN Member State",
    "LatestRecordedPopulation": 1131612,
    "Continent": "Asia",
    "Region": "Asia",
    "Subregion": "South-Eastern Asia"
  },
  {
    "CountryID": 172,
    "CountryName": "Togo",
    "FormalName": "Togolese Republic",
    "IsoAlpha3Code": "TGO",
    "IsoNumericCode": 768,
    "CountryType": "UN Member State",
    "LatestRecordedPopulation": 6019877,
    "Continent": "Africa",
    "Region": "Africa",
    "Subregion": "Western Africa"
  },
  {
    "CountryID": 173,
    "CountryName": "Tonga",
    "FormalName": "Kingdom of Tonga",
    "IsoAlpha3Code": "TON",
    "IsoNumericCode": 776,
    "CountryType": "UN Member State",
    "LatestRecordedPopulation": 125733,
    "Continent": "Oceania",
    "Region": "Oceania",
    "Subregion": "Polynesia"
  },
  {
    "CountryID": 174,
    "CountryName": "Trinidad and Tobago",
    "FormalName": "Republic of Trinidad and Tobago",
    "IsoAlpha3Code": "TTO",
    "IsoNumericCode": 780,
    "CountryType": "UN Member State",
    "LatestRecordedPopulation": 1310000,
    "Continent": "North America",
    "Region": "Americas",
    "Subregion": "Caribbean"
  },
  {
    "CountryID": 175,
    "CountryName": "Tunisia",
    "FormalName": "Republic of Tunisia",
    "IsoAlpha3Code": "TUN",
    "IsoNumericCode": 788,
    "CountryType": "UN Member State",
    "LatestRecordedPopulation": 10486339,
    "Continent": "Africa",
    "Region": "Africa",
    "Subregion": "Northern Africa"
  },
  {
    "CountryID": 176,
    "CountryName": "Türkiye",
    "FormalName": "Republic of Türkiye",
    "IsoAlpha3Code": "TUR",
    "IsoNumericCode": 792,
    "CountryType": "UN Member State",
    "LatestRecordedPopulation": 76805524,
    "Continent": "Asia",
    "Region": "Asia",
    "Subregion": "Western Asia"
  },
  {
    "CountryID": 177,
    "CountryName": "Turkmenistan",
    "FormalName": "Turkmenistan",
    "IsoAlpha3Code": "TKM",
    "IsoNumericCode": 795,
    "CountryType": "UN Member State",
    "LatestRecordedPopulation": 4884887,
    "Continent": "Asia",
    "Region": "Asia",
    "Subregion": "Central Asia"
  },
  {
    "CountryID": 178,
    "CountryName": "Uganda",
    "FormalName": "Republic of Uganda",
    "IsoAlpha3Code": "UGA",
    "IsoNumericCode": 800,
    "CountryType": "UN Member State",
    "LatestRecordedPopulation": 32369558,
    "Continent": "Africa",
    "Region": "Africa",
    "Subregion": "Eastern Africa"
  },
  {
    "CountryID": 179,
    "CountryName": "Ukraine",
    "FormalName": "Ukraine",
    "IsoAlpha3Code": "UKR",
    "IsoNumericCode": 804,
    "CountryType": "UN Member State",
    "LatestRecordedPopulation": 45700395,
    "Continent": "Europe",
    "Region": "Europe",
    "Subregion": "Eastern Europe"
  },
  {
    "CountryID": 180,
    "CountryName": "United Arab Emirates",
    "FormalName": "United Arab Emirates",
    "IsoAlpha3Code": "ARE",
    "IsoNumericCode": 784,
    "CountryType": "UN Member State",
    "LatestRecordedPopulation": 4798491,
    "Continent": "Asia",
    "Region": "Asia",
    "Subregion": "Western Asia"
  },
  {
    "CountryID": 181,
    "CountryName": "United Kingdom",
    "FormalName": "United Kingdom of Great Britain and Northern Ireland",
    "IsoAlpha3Code": "GBR",
    "IsoNumericCode": 826,
    "CountryType": "UN Member State",
    "LatestRecordedPopulation": 62262000,
    "Continent": "Europe",
    "Region": "Europe",
    "Subregion": "Northern Europe"
  },
  {
    "CountryID": 182,
    "CountryName": "United States",
    "FormalName": "United States of America",
    "IsoAlpha3Code": "USA",
    "IsoNumericCode": 840,
    "CountryType": "UN Member State",
    "LatestRecordedPopulation": 313973000,
    "Continent": "North America",
    "Region": "Americas",
    "Subregion": "Northern America"
  },
  {
    "CountryID": 183,
    "CountryName": "Uruguay",
    "FormalName": "Oriental Republic of Uruguay",
    "IsoAlpha3Code": "URY",
    "IsoNumericCode": 858,
    "CountryType": "UN Member State",
    "LatestRecordedPopulation": 3494382,
    "Continent": "South America",
    "Region": "Americas",
    "Subregion": "South America"
  },
  {
    "CountryID": 184,
    "CountryName": "Uzbekistan",
    "FormalName": "Republic of Uzbekistan",
    "IsoAlpha3Code": "UZB",
    "IsoNumericCode": 860,
    "CountryType": "UN Member State",
    "LatestRecordedPopulation": 27606007,
    "Continent": "Asia",
    "Region": "Asia",
    "Subregion": "Central Asia"
  },
  {
    "CountryID": 185,
    "CountryName": "Vanuatu",
    "FormalName": "Republic of Vanuatu",
    "IsoAlpha3Code": "VUT",
    "IsoNumericCode": 548,
    "CountryType": "UN Member State",
    "LatestRecordedPopulation": 218519,
    "Continent": "Oceania",
    "Region": "Oceania",
    "Subregion": "Melanesia"
  },
  {
    "CountryID": 186,
    "CountryName": "Venezuela",
    "FormalName": "Bolivarian Republic of Venezuela",
    "IsoAlpha3Code": "VEN",
    "IsoNumericCode": 862,
    "CountryType": "UN Member State",
    "LatestRecordedPopulation": 26814843,
    "Continent": "South America",
    "Region": "Americas",
    "Subregion": "South America"
  },
  {
    "CountryID": 187,
    "CountryName": "Vietnam",
    "FormalName": "Socialist Republic of Vietnam",
    "IsoAlpha3Code": "VNM",
    "IsoNumericCode": 704,
    "CountryType": "UN Member State",
    "LatestRecordedPopulation": 86967524,
    "Continent": "Asia",
    "Region": "Asia",
    "Subregion": "South-Eastern Asia"
  },
  {
    "CountryID": 188,
    "CountryName": "Yemen",
    "FormalName": "Republic of Yemen",
    "IsoAlpha3Code": "YEM",
    "IsoNumericCode": 887,
    "CountryType": "UN Member State",
    "LatestRecordedPopulation": 23822783,
    "Continent": "Asia",
    "Region": "Asia",
    "Subregion": "Western Asia"
  },
  {
    "CountryID": 189,
    "CountryName": "Zambia",
    "FormalName": "Republic of Zambia",
    "IsoAlpha3Code": "ZMB",
    "IsoNumericCode": 894,
    "CountryType": "UN Member State",
    "LatestRecordedPopulation": 11862740,
    "Continent": "Africa",
    "Region": "Africa",
    "Subregion": "Eastern Africa"
  },
  {
    "CountryID": 190,
    "CountryName": "Zimbabwe",
    "FormalName": "Republic of Zimbabwe",
    "IsoAlpha3Code": "ZWE",
    "IsoNumericCode": 716,
    "CountryType": "UN Member State",
    "LatestRecordedPopulation": 12619600,
    "Continent": "Africa",
    "Region": "Africa",
    "Subregion": "Eastern Africa"
  }
]