Supplier Key,Supplier,Primary Contact,Supplier Reference,Payment Days,Postal Code,Valid From,Valid To,Supplier Category
0,"Unknown","N/A","N/A",0,"N/A",2013-01-01 00:00:00.000,9999-12-31 23:59:59.996,"N/A"
1,"A Datum Corporation","Reio Kabin","AA20384",14,"46077",2013-01-01 00:00:00.000,2013-01-01 00:05:00.000,"Novelty Goods Supplier"
2,"Woodgrove Bank","Hubert Helms","028034202",7,"94101",2013-01-01 00:00:00.000,2013-01-01 00:05:00.000,"Financial Services Supplier"
3,"Consolidated Messenger","Kerstin Parn","209340283",30,"94101",2013-01-01 00:00:00.000,2013-01-01 00:05:00.000,"Courier"
4,"Litware, Inc.","Elias Myllari","BC0280982",30,"95245",2013-01-01 00:00:00.000,2013-01-01 00:05:00.000,"Packaging Supplier"
5,"Humongous Insurance","Madelaine  Cartier","082420938",14,"37770",2013-01-01 00:00:00.000,2013-01-01 00:05:00.000,"Insurance Services Supplier"
6,"Graphic Design Institute","Penny Buck","08803922",14,"64847",2013-01-01 00:00:00.000,2013-01-01 00:05:00.000,"Novelty Goods Supplier"
7,"Fabrikam, Inc.","Bill Lawson","293092",30,"40351",2013-01-01 00:00:00.000,2013-01-01 00:05:00.000,"Clothing Supplier"
8,"The Phone Company","Hai Dam","237408032",30,"56732",2013-01-01 00:00:00.000,2013-01-01 00:05:00.000,"Novelty Goods Supplier"
9,"Trey Research","Donald Jones","082304822",7,"57543",2013-01-01 00:00:00.000,2013-01-01 00:05:00.000,"Marketing Services Supplier"
10,"Lucerne Publishing","Prem Prabhu","JQ082304802",30,"37659",2013-01-01 00:00:00.000,2013-01-01 00:05:00.000,"Novelty Goods Supplier"
11,"Contoso, Ltd.","Hanna Mihhailov","B2084020",7,"98253",2013-01-01 00:00:00.000,2013-01-01 00:05:00.000,"Novelty Goods Supplier"
12,"Nod Publishers","Marcos Costa","GL08029802",7,"27906",2013-01-01 00:00:00.000,2013-01-01 00:05:00.000,"Novelty Goods Supplier"
13,"Northwind Electric Cars","Eliza Soderberg","ML0300202",30,"07860",2013-01-01 00:00:00.000,2013-01-01 00:05:00.000,"Toy Supplier"
14,"A Datum Corporation","Reio Kabin","AA20384",14,"46077",2013-01-01 00:05:00.000,9999-12-31 23:59:59.996,"Novelty Goods Supplier"
15,"Contoso, Ltd.","Hanna Mihhailov","B2084020",7,"98253",2013-01-01 00:05:00.000,9999-12-31 23:59:59.996,"Novelty Goods Supplier"
16,"Consolidated Messenger","Kerstin Parn","209340283",30,"94101",2013-01-01 00:05:00.000,9999-12-31 23:59:59.996,"Courier"
17,"Fabrikam, Inc.","Bill Lawson","293092",30,"40351",2013-01-01 00:05:00.000,9999-12-31 23:59:59.996,"Clothing Supplier"
18,"Graphic Design Institute","Penny Buck","08803922",14,"64847",2013-01-01 00:05:00.000,9999-12-31 23:59:59.996,"Novelty Goods Supplier"
19,"Humongous Insurance","Madelaine  Cartier","082420938",14,"37770",2013-01-01 00:05:00.000,9999-12-31 23:59:59.996,"Insurance Services Supplier"
20,"Litware, Inc.","Elias Myllari","BC0280982",30,"95245",2013-01-01 00:05:00.000,9999-12-31 23:59:59.996,"Packaging Supplier"
21,"Lucerne Publishing","Prem Prabhu","JQ082304802",30,"37659",2013-01-01 00:05:00.000,9999-12-31 23:59:59.996,"Novelty Goods Supplier"
22,"Nod Publishers","Marcos Costa","GL08029802",7,"27906",2013-01-01 00:05:00.000,9999-12-31 23:59:59.996,"Novelty Goods Supplier"
23,"Northwind Electric Cars","Eliza Soderberg","ML0300202",30,"07860",2013-01-01 00:05:00.000,9999-12-31 23:59:59.996,"Toy Supplier"
24,"Trey Research","Donald Jones","082304822",7,"57543",2013-01-01 00:05:00.000,9999-12-31 23:59:59.996,"Marketing Services Supplier"
25,"The Phone Company","Hai Dam","237408032",30,"56732",2013-01-01 00:05:00.000,9999-12-31 23:59:59.996,"Novelty Goods Supplier"
26,"Woodgrove Bank","Hubert Helms","028034202",7,"94101",2013-01-01 00:05:00.000,9999-12-31 23:59:59.996,"Financial Services Supplier"
27,"Consolidated Messenger","Kerstin Parn","209340283",30,"94101",2013-01-01 00:05:00.000,9999-12-31 23:59:59.996,"Courier Services Supplier"
